ID,Neutral Score,Positive Score,Negative Score,Compund Score,Likes,Views,Like/Views,Comment Score Neg,Comment Score Pos,Comment Score Neu,Comment Score Compund
EuD-UtErXn8,0.8496963696369639,0.13247854785478544,0.017821782178217824,0.08673201320132014,58693.0,1985695.0,2.9557912972536062,0.04183,0.25603999999999993,0.6921300000000002,0.2178080000000001
4czjS9h4Fpg,0.9378666666666666,0.06213333333333334,0.0,0.09160333333333334,384644.0,17162232.0,2.2412236357135833,0.024239999999999998,0.20701000000000008,0.7687500000000002,0.22063699999999997
ODY6JWzS8WU,0.8651854838709679,0.12907258064516128,0.005741935483870968,0.10163709677419354,298276.0,13667887.0,2.182312452539299,0.06496,0.18479000000000004,0.75028,0.12106000000000001
FsBLNg6l9Gk,0.87226,0.10774,0.0,0.06942200000000001,320728.0,4339281.0,7.391270581462689,0.026510000000000002,0.07760999999999998,0.8458799999999997,0.057492
IYP1WZDPcDc,0.8292727272727273,0.17072727272727273,0.0,0.09405000000000001,412240.0,9502436.0,4.3382560008823,0.010090000000000002,0.12908,0.86083,0.113537
CuKr7jFLd0w,0.9713846153846154,0.028615384615384615,0.0,0.016938461538461538,23996.0,420291.0,5.709377550316328,0.0191,0.17282999999999993,0.7980700000000002,0.17042
I373W1fctsg,0.8692140672782871,0.11111926605504585,0.019666666666666666,0.06460703363914375,50526.0,1507030.0,3.352687073250035,0.09413000000000002,0.10154,0.8043500000000001,0.028399999999999998
WC3W5kvRgWI,0.8901379310344828,0.10986206896551724,0.0,0.048128448275862074,60395.0,616185.0,9.80143950274674,0.00355,0.20303999999999994,0.79342,0.16688099999999997
6pf2KJD5qf0,0.7920178571428573,0.1686361607142857,0.03934598214285715,0.10817209821428561,119697.0,2838699.0,4.216614723857655,0.06608,0.21584,0.7180699999999999,0.20618200000000006
i2P5w0fuaao,0.9193548387096774,0.08064516129032258,0.0,0.03326935483870967,42021.0,784039.0,5.359554818063898,0.06431,0.19033000000000005,0.73536,0.11525899999999999
Z1rCDwz-yg4,0.8150092378752885,0.1440115473441108,0.04098152424942263,0.07436789838337184,260442.0,5336170.0,4.8806915821647365,0.0426,0.16560999999999995,0.7917999999999998,0.21488800000000005
aQG-Cp8I0xQ,0.7967105263157896,0.19730263157894734,0.0059868421052631585,0.1426105263157895,142398.0,2838179.0,5.017231118967479,0.03478,0.20637,0.7588499999999999,0.14622900000000003
Jjny4kt1bto,0.8017021276595743,0.1345744680851064,0.06372340425531915,0.053168085106382976,61492.0,1153978.0,5.328697774134342,0.0525,0.2858300000000001,0.6616800000000002,0.19863800000000004
TFjYnni6uNw,0.8387777777777777,0.16122222222222224,0.0,0.15576666666666666,49903.0,790061.0,6.316347725049079,0.04614,0.08352000000000002,0.8603500000000001,0.02672700000000001
w8Smd0TSIQU,0.73625,0.26375,0.0,0.16331666666666667,5976.0,96217.0,6.210960641050958,0.026949999999999998,0.07258999999999999,0.9004599999999999,0.09302999999999999
J2p4ccl2IOw,0.9168620689655174,0.08313793103448276,0.0,0.06137931034482759,225014.0,2388196.0,9.421923493716596,0.01069,0.12991000000000003,0.8593899999999997,0.09721500000000001
VrKW58MS12g,0.7991349431818183,0.12455823863636359,0.07346732954545455,0.034571164772727286,2549984.0,80662077.0,3.1613170585726427,0.024939999999999997,0.12478,0.8202700000000002,0.054631999999999986
_0Mjssdnzi8,0.8656666666666667,0.13433333333333333,0.0,0.0827611111111111,22721.0,426524.0,5.327015595839859,0.019209999999999998,0.10282999999999999,0.8779600000000002,0.096682
fsQyANWead0,0.8171666666666666,0.15966666666666665,0.02316666666666667,0.12194166666666666,14093.0,2409559.0,0.5848788097739047,0.01707,0.060180000000000004,0.90274,0.038629
mV8MRMu3yl4,0.8684358974358974,0.11305128205128205,0.01851282051282051,0.08346153846153846,20730.0,1023187.0,2.026022613657132,0.07552,0.18444999999999998,0.7400399999999998,0.172525
r4NyczYTQuk,1.0,0.0,0.0,0.0,48404.0,3231996.0,1.4976503683791689,0.00444,0.16876999999999998,0.8267900000000001,0.11831300000000004
J8SzUp99uFM,0.8148181818181819,0.1610909090909091,0.024090909090909093,0.09694545454545453,17438.0,2009489.0,0.867782804484125,0.10099000000000002,0.1433,0.7457199999999999,0.031046999999999988
E-51Kc42hoQ,0.8328847117794487,0.14894548872180444,0.01817042606516291,0.11093834586466168,59713.0,2696081.0,2.2148073444380936,0.12815000000000001,0.14314,0.72871,0.023868999999999935
Mm27tNiOqdg,0.8674063745019921,0.1208406374501992,0.007768924302788845,0.08166772908366533,52601.0,3672635.0,1.432241428837878,0.07700000000000001,0.22624000000000002,0.6967700000000001,0.17103300000000002
OOX6JMsg09A,0.8066976516634048,0.17592270058708412,0.015421722113502935,0.12886634050880605,4898.0,145428.0,3.3679896581126054,0.06044285714285715,0.25195714285714277,0.6875857142857141,0.16579
NZ23so5wS9s,0.9812592592592593,0.018740740740740742,0.0,0.009983333333333334,35749.0,608652.0,5.8734712117926176,0.015309999999999999,0.24836,0.7363299999999998,0.18298599999999993
ZXgOXuhXtuI,0.7915000000000002,0.12369178082191784,0.08480136986301373,0.04039041095890412,210543.0,4164525.0,5.055630594125381,0.037910000000000006,0.16289,0.7892100000000002,0.12385999999999997
Ijssm6Qv5nE,0.8266567717996287,0.11982745825602961,0.05351576994434138,0.054345640074211506,562361.0,19708497.0,2.8533936403166615,0.0677,0.13392,0.7883800000000001,0.105155
VWodVwooEqU,0.9142857142857143,0.08571428571428572,0.0,0.03468857142857143,79296.0,2071148.0,3.8286013360706237,0.029290000000000004,0.05568000000000001,0.91503,0.007213000000000004
rsSO5iYhjTg,0.8534458874458873,0.12224242424242424,0.02431168831168831,0.07995411255411254,59214.0,1973193.0,3.000922869683807,0.01473,0.2859499999999999,0.6893199999999999,0.271092
ONpHm9bbmOk,0.9333333333333333,0.06666666666666667,0.0,0.021593333333333332,5634.0,75699.0,7.4426346451075975,0.0066,0.14880000000000002,0.8146,0.12284800000000005
BRbv0-xBKhA,1.0,0.0,0.0,0.0,135223.0,2542617.0,5.3182606739434215,0.041429999999999995,0.15861,0.7999600000000001,0.08186200000000002
kkGRyvtACAc,0.7441722689075632,0.21002521008403352,0.041600840336134454,0.12716344537815125,528772.0,6949983.0,7.60824882593238,0.01135,0.25815,0.71051,0.24308600000000002
nb0BG0ixuQA,0.8277063829787231,0.13949574468085105,0.0328,0.09336553191489355,432097.0,13493037.0,3.202370229919328,0.0,0.0,0.0,0.0
Dlvbit15yMk,0.8000954773869351,0.14679396984924623,0.04809045226130653,0.061175376884422115,1086187.0,36540428.0,2.972562335613584,0.00734,0.08486,0.9077999999999998,0.07320700000000001
p-1rhgrHtKE,0.7391304347826086,0.2608695652173913,0.0,0.06752173913043477,38101.0,736720.0,5.171707025735693,0.013279999999999998,0.05926,0.92746,0.033626
ybPgmjTRvMo,0.7256836363636364,0.2114654545454544,0.041029090909090904,0.15472945454545448,2522377.0,39193487.0,6.4357044832474335,0.05849,0.24215000000000006,0.6794100000000001,0.23453600000000005
zz8Av4D-ddw,0.7676363636363637,0.14145454545454547,0.0,0.07773636363636363,71537.0,1336524.0,5.352466547551709,0.09182,0.13044000000000003,0.7777699999999999,0.10003600000000004
FB8w_Xz9psk,0.8529411764705882,0.14705882352941177,0.0,0.061764705882352944,46523.0,791897.0,5.87488019275234,0.039060000000000004,0.05087,0.90007,0.019531999999999997
XjDh_5ZH9wQ,0.8397909090909094,0.15205151515151513,0.008157575757575758,0.12120121212121208,15973.0,791428.0,2.0182505546935414,0.08725,0.22273999999999994,0.6900099999999999,0.126473
_pGFmV8SdKE,0.6,0.4,0.0,0.18308,36516.0,604101.0,6.044684580889619,0.025990000000000003,0.14706000000000002,0.8269500000000004,0.190705
UceoOrewwXI,0.9666666666666667,0.03333333333333333,0.0,0.01405,33409.0,1115446.0,2.9951248200271463,0.0,0.14920202020202022,0.8507979797979799,0.11285555555555553
zDG-n8JN_78,0.807808777429467,0.15749373040752357,0.034700626959247645,0.10151300940438866,477168.0,13741444.0,3.4724734896856546,0.07812000000000001,0.17273999999999995,0.7491500000000001,0.081029
z9eoubnO-pE,0.906191489361702,0.08473404255319149,0.009074468085106382,0.05331542553191491,182071.0,7003036.0,2.59988667772092,0.057649999999999986,0.13125,0.7910999999999998,0.086052
OHlZXyhG3eQ,0.821634259259259,0.11282175925925925,0.06554861111111113,0.03713379629629632,683430.0,14567448.0,4.69148748634627,0.09899000000000002,0.09216999999999997,0.7988300000000003,-0.0033650000000000034
PObv1wUzD_A,0.8,0.2,0.0,0.0843,23587.0,178028.0,13.249039476936213,0.039749999999999994,0.10639000000000003,0.8438599999999999,0.066461
DTvS9lvRxZ8,0.8195687331536389,0.1266361185983827,0.051107816711590315,0.07713611859838276,2298339.0,90261752.0,2.5463044413319165,0.05382,0.17583000000000001,0.7603499999999996,0.134809
_xLgXIhebxA,0.8759532908704879,0.11475371549893838,0.00929511677282378,0.07981868365180463,17832.0,745056.0,2.3933771421208605,0.08202999999999999,0.16280999999999998,0.7451500000000002,0.156558
NrPBGglB4x8,0.8925846153846155,0.09101846153846156,0.010243076923076922,0.06826769230769233,30592.0,990152.0,3.089626643182057,0.10376000000000003,0.14128,0.7549800000000001,0.08203400000000002
eY9dXcjkVx8,0.8354328703703705,0.1347268518518518,0.027520833333333324,0.10256574074074065,222689.0,7055855.0,3.156088099883005,0.06055000000000001,0.20382,0.73567,0.2527830000000001
hgrdxFkPsWI,1.0,0.0,0.0,0.0,8021.0,200721.0,3.996094080838577,0.01099,0.07048999999999998,0.9185200000000002,0.075868
AFkfGlCa8oY,0.7885,0.0385,0.173,-0.04323,21188.0,13426720.0,0.15780473563163602,0.07546,0.14834000000000003,0.7662100000000001,0.056176000000000004
ZmJcQQN0Hgg,0.7777311452513959,0.20353212290502776,0.018035614525139666,0.15295558659217912,13016.0,307292.0,4.235710659568098,0.041999999999999996,0.15813,0.7998899999999999,0.15258299999999997
tHxwyWnNu0c,0.8243144329896908,0.1342809278350515,0.04140721649484538,0.06536597938144333,60823.0,1416480.0,4.293954026883542,0.06622,0.18349000000000004,0.7503099999999999,0.19737200000000005
U20JIT_EcZM,0.7951954674220957,0.17666288951841352,0.02530783758262512,0.1118518413597731,11746.0,495827.0,2.3689714356015306,0.08522,0.19977999999999999,0.7150299999999998,0.126108
_zRUCI857IQ,0.8054953846153844,0.175476923076923,0.019030769230769226,0.12676461538461525,150310.0,2566827.0,5.855867964611561,0.050309999999999994,0.23279999999999998,0.6968900000000001,0.24385199999999999
BGwbSvQ1hNU,0.8048113744075837,0.17555165876777268,0.01679526066350711,0.11573289099526037,18693.0,232435.0,8.042248370512187,0.030289999999999997,0.2249,0.7448099999999998,0.22891899999999998
KwamSyU7wns,0.8240558659217876,0.16548882681564236,0.010452513966480448,0.11602541899441328,71424.0,2082120.0,3.4303498357443374,0.060039999999999996,0.32787000000000005,0.6121,0.2952430000000001
nxMiEWSTo-0,0.785528771384137,0.1860046656298603,0.0284696734059098,0.11070419906687386,8927.0,182375.0,4.89485949280329,0.057679999999999995,0.21004,0.73226,0.245777
VaSstf9VJGQ,0.7890754716981133,0.18924528301886787,0.021683018867924526,0.13973962264150946,233471.0,5421527.0,4.306369773681843,0.09515999999999998,0.18630000000000002,0.7185400000000002,0.2248600000000001
J8phSH6cuS0,0.8501745283018869,0.12468867924528304,0.020415094339622644,0.08155943396226417,18766.0,666021.0,2.817628873564047,0.09876,0.17836,0.7228399999999999,0.123387
5hHjLFuEOeA,0.8763566878980895,0.09604458598726115,0.027595541401273883,0.05159044585987259,96826.0,2804723.0,3.452248225582348,0.06537,0.12028,0.8143199999999999,0.07653599999999999
naNEkv9PiSE,0.2,0.8,0.0,0.36616,3705.0,45343.0,8.171051761021547,0.023629999999999998,0.06722,0.90916,0.03325
t9zOfyP1miY,1.0,0.0,0.0,0.0,18737.0,3216388.0,0.5825478766865192,0.0031,0.16602,0.81088,0.11876200000000002
O1sZcX-BBSA,0.8169027431421447,0.15824189526184534,0.022356608478802994,0.1118768079800497,244099.0,8385583.0,2.9109365443046715,0.07901000000000001,0.18696,0.7240400000000001,0.16278000000000004
o-TMOeCDeus,0.8364043478260866,0.10810869565217389,0.05548695652173913,0.04637695652173911,148040.0,3183823.0,4.649755969474434,0.025,0.11035999999999997,0.8646299999999998,0.12456300000000001
tfepSyCQsEY,0.7786633663366335,0.1273514851485148,0.09400495049504949,0.033536138613861385,137590.0,1891852.0,7.27276763721475,0.06677000000000002,0.13955,0.7936699999999999,0.108444
CwROcBKXsus,0.8333458110516924,0.12157932263814618,0.045076648841354726,0.0653060606060606,268998.0,5645457.0,4.764857831704324,0.07149,0.18590000000000007,0.74263,0.1673040000000001
s7pNLgcHFqg,0.8852459016393442,0.11475409836065574,0.0,0.036250819672131146,26519.0,282365.0,9.391744727568927,0.0,0.10989,0.88011,0.084938
gSVLeSDl2zQ,0.8308333333333333,0.14343478260869566,0.025731884057971017,0.1879543478260869,24871.0,597744.0,4.160811317219411,0.049640000000000004,0.22923000000000004,0.7211299999999998,0.2478130000000001
sXKKJa7wed0,0.8853125000000001,0.094875,0.0198125,0.038425,1456.0,103017.0,1.413358960171622,0.03025,0.3885625,0.5811875000000001,0.2649
t_BgfXMwYG8,0.8924117647058823,0.10758823529411765,0.0,0.04576078431372549,46814.0,826734.0,5.66252264936485,0.00035000000000000005,0.23607000000000006,0.76358,0.15307699999999996
6_HZBDkdqSk,0.8533201320132011,0.12305610561056102,0.01701980198019802,0.0859191419141914,71183.0,1557931.0,4.569072699625337,0.03765,0.3210699999999999,0.6412899999999999,0.2774810000000001
bBcwFWS34ZY,0.8258019246190855,0.11565597433841225,0.05854290296712111,0.04336014434643139,403513.0,18456394.0,2.186304648676226,0.11998000000000002,0.17463,0.7053999999999999,0.105351
MStEutbdSyA,1.0,0.0,0.0,0.0,37258.0,795835.0,4.681623703405856,0.00916,0.07042,0.9203999999999999,0.11079899999999998
4TsD0RwvocU,0.8437987220447281,0.13324920127795517,0.022948881789137378,0.10408083067092648,14523.0,687016.0,2.1139245665312014,0.03611,0.18475000000000005,0.77912,0.259105
LhzFku1fmwg,0.8624369565217389,0.12269782608695651,0.014865217391304348,0.08714891304347822,17971.0,413433.0,4.346774447129281,0.038430000000000006,0.21178999999999995,0.7497700000000002,0.19175599999999998
pI739WBbFek,1.0,0.0,0.0,0.0,732384.0,22045545.0,3.3221405957530195,0.01242,0.1850499999999999,0.8025200000000002,0.17824300000000004
TranVlEwQqw,0.8616653386454184,0.1190597609561753,0.019274900398406375,0.09040079681274903,142714.0,4330872.0,3.2952717143337416,0.09723000000000001,0.14434999999999995,0.7584100000000003,0.08255600000000003
8HEfIJlcFbs,0.7714169278996867,0.16578056426332285,0.059661442006269584,0.09950532915360506,1203753.0,59686167.0,2.0168039941315046,0.021840000000000002,0.15523,0.8129400000000001,0.10533800000000001
enf1diXiMTc,0.8685588235294119,0.10082620320855619,0.030614973262032087,0.0672823529411765,24524.0,677487.0,3.619848056125062,0.04028,0.17317,0.7865100000000002,0.20251000000000002
3Oz5wsfcY6I,0.816473640856672,0.16400906095551904,0.017045304777594732,0.11776639209225694,28792.0,1214717.0,2.370264020343833,0.06382,0.21047999999999997,0.7257100000000004,0.1935600000000001
KcMQO7ckh3s,0.8208382352941175,0.14425245098039208,0.03489950980392158,0.10061225490196073,205526.0,4265355.0,4.818496936362858,0.08506,0.15839000000000003,0.7565899999999999,0.065306
36U4BLx9RQE,0.75,0.25,0.0,0.105375,302.0,5870704.0,0.0051441871366704915,0.03453333333333333,0.2579333333333333,0.7076666666666667,0.17576666666666665
qgsEo0SGP2g,0.7436,0.18113333333333334,0.008666666666666666,0.20638666666666666,2237.0,33498212.0,0.006677968364401061,0.04134,0.17315999999999998,0.7755000000000001,0.15893199999999996
tdDnnxkwoMQ,0.8846153846153846,0.11538461538461539,0.0,0.07328461538461538,14648.0,392297.0,3.7339056888021065,0.02427,0.16005999999999992,0.8156699999999999,0.12421100000000002
eVn4clfPeYA,0.7636521739130435,0.2363478260869565,0.0,0.12695217391304348,47209.0,1194678.0,3.951608717997653,0.030780000000000002,0.30468999999999996,0.6645199999999999,0.3114220000000001
ej9khGX45-Y,1.0,0.0,0.0,0.0,42625.0,747665.0,5.7010827041522605,0.012269999999999998,0.14472,0.84301,0.1542959999999999
SvMhWghZ_EE,0.7887081081081084,0.18820000000000003,0.02309189189189189,0.14342378378378381,174468.0,6579858.0,2.6515465835280945,0.06800999999999999,0.21465999999999996,0.71732,0.18538100000000005
Ke6-hZ16s-0,0.8262295514511866,0.15112005277044865,0.021329815303430078,0.11240039577836394,62245.0,3424641.0,1.8175627751930787,0.06834000000000001,0.15368000000000004,0.7779900000000001,0.11145
zT1cTTzRi_8,0.8160552763819098,0.14918090452261304,0.03476130653266332,0.09823969849246222,213741.0,5043365.0,4.238063277196871,0.08672999999999996,0.20299999999999996,0.71025,0.19072200000000003
eOM-jqKxeK0,0.9285714285714286,0.07142857142857142,0.0,0.03527857142857143,30965.0,450723.0,6.870073193513533,0.02621,0.2119299999999999,0.76186,0.15313999999999994
X_MNTr0bFXA,0.6127272727272728,0.2534545454545455,0.1338181818181818,0.06294545454545453,4661.0,1031268.0,0.4519678686820497,0.030039999999999997,0.38069,0.5892799999999998,0.29975299999999994
m1WAqHzFgPM,0.7956058823529413,0.14051764705882355,0.057994117647058814,0.051766470588235296,1119841.0,25674536.0,4.3616796034794945,0.0025800000000000003,0.10675000000000001,0.89066,0.076399
u99VJtc72ys,0.7621504854368931,0.15998058252427186,0.06816504854368934,0.06473155339805826,1482882.0,20188693.0,7.3451114443119225,0.04494999999999999,0.058839999999999996,0.8862000000000001,0.032315
_SAAkuZT1VQ,1.0,0.0,0.0,0.0,7029.0,207367.0,3.389642517854818,0.01083,0.11765,0.87153,0.09994200000000002
479L5HanGEM,0.8474444444444446,0.0993973063973064,0.05316498316498317,0.044506734006734015,262170.0,7693374.0,3.407737619411197,0.019830000000000004,0.09151,0.88866,0.07622600000000002
oX97Zdx9KQw,0.791265780730897,0.15878737541528232,0.04330897009966778,0.07968936877076409,2221723.0,24918825.0,8.915841738123687,0.00619,0.15271,0.8410999999999997,0.14280399999999996
g8xcWD19Hy8,1.0,0.0,0.0,0.0,33959.0,2451862.0,1.3850290106050014,0.011380000000000001,0.18638000000000002,0.7822399999999999,0.124046
e09xig209cQ,0.7759615384615384,0.153784023668639,0.061375739644970416,0.07519023668639055,1305071.0,44124501.0,2.957701436668938,0.041179999999999994,0.16248,0.78634,0.13956100000000002
0k8lw5hMAGo,0.7920909090909092,0.12109090909090908,0.08681818181818181,0.05363181818181819,363021.0,5277256.0,6.878972708543985,0.06028999999999999,0.14143999999999998,0.7882700000000001,0.069314
dfm8wh7VoMM,0.8291034482758621,0.14146551724137932,0.02943103448275862,0.10531034482758622,13952.0,773846.0,1.8029427043623667,0.02421,0.35794999999999993,0.61785,0.2965179999999999
1orj7RRryxQ,0.8703333333333333,0.09473333333333332,0.03493333333333334,0.0447,23411.0,6424331.0,0.36441148502466636,0.016929999999999997,0.12161999999999999,0.8114699999999998,0.090202
ZT1ndAk4hQA,0.8816792982456142,0.09267719298245626,0.018625964912280697,0.036098456140350836,1817.0,93769.0,1.9377406179014387,0.03921428571428571,0.15792857142857145,0.8029285714285715,-0.00022142857142857082
alvpy80lLlE,0.9508196721311475,0.04918032786885246,0.0,0.022312021857923497,1455.0,43085.0,3.37704537542068,0.0,0.05555555555555555,0.9444444444444444,0.035383333333333336
Lt-1Xvkn3jU,0.8807857142857143,0.07653571428571428,0.04267857142857142,0.02601785714285714,2766087.0,49755147.0,5.559398709042101,0.10695,0.12159999999999997,0.7714399999999998,0.005227999999999999
1dfQraXhT40,0.8333333333333334,0.16666666666666666,0.0,0.060200000000000004,3637.0,70162.0,5.18371768193609,0.01444,0.031869999999999996,0.9536899999999998,0.014899
C4sAUc_ZGMY,0.8368017751479292,0.14511242603550292,0.01808284023668639,0.11169023668639046,252287.0,8109856.0,3.1108690462568016,0.04356000000000001,0.18927,0.7671600000000002,0.199976
8dhmFQecoM8,0.8479771986970684,0.13893485342019538,0.013091205211726385,0.10359185667752445,106953.0,3889999.0,2.7494351540964406,0.060230000000000006,0.19604999999999997,0.7337299999999999,0.181143
Sq0iC-vsl2k,0.8467026239067055,0.14515451895043727,0.008139941690962098,0.13205335276967917,21576.0,1622456.0,1.3298357551761033,0.07273,0.13715,0.7901200000000002,0.13859299999999997
WeFmNJikaxg,0.8317316017316011,0.13133549783549786,0.036932900432900435,0.08138311688311689,339671.0,8014615.0,4.238144938964629,0.06146,0.14795000000000003,0.7805799999999996,0.15194699999999994
_tRGqoaVQwI,0.9259259259259259,0.07407407407407407,0.0,0.028190123456790128,31092.0,355018.0,8.757865798353887,0.01019,0.08179,0.90802,0.05454300000000001
sbdW1yy8GxU,0.9615384615384616,0.038461538461538464,0.0,0.010507692307692308,349666.0,7139951.0,4.897316522200223,0.005350000000000001,0.30672,0.6879299999999999,0.2795700000000001
vfPmAbiCUe4,0.797979797979798,0.1919191919191919,0.0,0.08006666666666666,98145.0,875152.0,11.214623288297346,0.00764,0.26324999999999993,0.7291199999999999,0.19713600000000003
84FatKnHhJI,0.8433312368972742,0.13126624737945494,0.025404612159329137,0.09569748427672946,254383.0,6157937.0,4.130977630982584,0.0532,0.18905999999999998,0.7577500000000001,0.14455999999999997
Fop2oskTug8,0.8430031948881791,0.13290095846645372,0.024089456869009585,0.10046517571884984,276027.0,8881111.0,3.1080233092458815,0.0591,0.17369000000000004,0.7572299999999998,0.155902
RabIW4hV8pA,0.8077610619469027,0.19223893805309733,0.0,0.0952221238938053,88805.0,846011.0,10.496908432632672,0.005639999999999999,0.17962999999999998,0.8047300000000002,0.11789600000000001
nYEtyBHZsSc,0.8868691588785048,0.10638317757009345,0.006747663551401869,0.03879719626168224,85562.0,876894.0,9.75739371007214,0.00736,0.22410000000000005,0.7685500000000002,0.166246
ZoP80SfGscM,0.8199889380530975,0.1319823008849557,0.04802654867256636,0.08426703539823004,307643.0,8166246.0,3.7672511947350102,0.044219999999999995,0.28941000000000006,0.6663500000000002,0.263323
T-UhbAcZd3I,0.792391472868217,0.17856976744186032,0.025162790697674423,0.12375581395348839,167742.0,5929167.0,2.82909892738727,0.034640000000000004,0.19899999999999998,0.7663800000000002,0.34704300000000005
4sFHhQLahoY,0.8372857142857143,0.10335714285714284,0.05935714285714285,0.05562142857142858,494622.0,8106044.0,6.101891378827946,0.03847,0.21485000000000004,0.7366699999999997,0.17246000000000006
cglj9PL_qc0,0.7408666666666667,0.194,0.06513333333333333,0.045293333333333345,838051.0,14343636.0,5.842667786605851,0.07595999999999999,0.14081,0.78325,0.06218000000000002
RamVMPZQ0eM,0.737686956521739,0.19395652173913044,0.06834782608695653,0.10147826086956523,1442087.0,11209503.0,12.864861180732099,0.00894,0.16855,0.8225099999999997,0.122606
aMpMfOD-Y1k,0.89,0.1,0.0,0.042873999999999995,82685.0,863636.0,9.5740566627607,0.013389999999999999,0.12827000000000002,0.8583500000000001,0.10651999999999998
M3MNheQbmxA,0.9749807692307694,0.025019230769230773,0.0,0.01466153846153846,34234.0,514687.0,6.651421154993229,0.025840000000000002,0.25772,0.7164400000000001,0.25598800000000005
9fUYUItUgSk,0.7856529255319147,0.14761968085106386,0.05209973404255318,0.06367965425531909,3380324.0,49973917.0,6.764176600365347,0.00167,0.08219,0.9161400000000001,0.08618000000000002
IG946hP7hoA,0.9029421487603306,0.09705785123966942,0.0,0.039766115702479336,23899.0,1310914.0,1.823079164613392,0.008,0.1461,0.84589,0.133876
v41HZZeKB2o,0.9158653846153846,0.08413461538461539,0.0,0.0370673076923077,86943.0,1012509.0,8.586886635081763,0.007169999999999998,0.19349,0.7993499999999999,0.162343
2_9LOiY9Lpc,0.97776,0.022240000000000003,0.0,0.014448,262148.0,4854675.0,5.399908335779429,0.10834000000000003,0.15127000000000002,0.7404000000000002,0.043965000000000025
eELKjoK7IPI,0.9067549019607843,0.08344117647058823,0.0,0.03572156862745098,77937.0,840830.0,9.269055576037962,0.0029,0.21979999999999997,0.76729,0.17075100000000001
yI1vIejDOGU,0.955625,0.044375,0.0,0.037,4015.0,106885.0,3.7563736726388175,0.01675,0.07326,0.8999900000000001,0.028334000000000005
zdggQsh3iVs,0.8727142857142858,0.12728571428571428,0.0,0.054679591836734695,78130.0,841261.0,9.287248547121523,0.006770000000000001,0.15862,0.8345999999999998,0.132279
sExu9rw4K_8,0.9375,0.046875,0.015625,0.014190624999999998,66159.0,766839.0,8.627495471670064,0.035570000000000004,0.19022000000000003,0.7741900000000002,0.12443900000000001
hH7FNL91cmk,0.8994949494949495,0.08791919191919192,0.012585858585858586,0.03082424242424242,75161.0,785128.0,9.573088719291631,0.010660000000000001,0.20389,0.78545,0.13548300000000002
3Yk_qdfFFNM,0.8292510288065844,0.12670370370370368,0.02346913580246914,0.06514814814814816,2705829.0,22508856.0,12.021175132134658,0.00831,0.09814000000000002,0.8935499999999997,0.084764
5RRguSNnrXw,0.9166666666666666,0.08333333333333333,0.0,0.030100000000000002,408867.0,4716555.0,8.66876353609785,0.013930000000000003,0.2282099999999999,0.7478600000000003,0.18099300000000007
MKVvI6t6YZE,0.904015873015873,0.09598412698412699,0.0,0.040452380952380955,79262.0,733815.0,10.801360015807798,0.00901,0.24425999999999992,0.7467300000000001,0.23180100000000006
JKrht0sA288,0.8063140495867768,0.19368595041322315,0.0,0.08048099173553719,81923.0,833359.0,9.830457221917564,0.00362,0.16829000000000005,0.8180900000000001,0.140923
qWed1Yye5Og,0.8416102941176469,0.13981249999999998,0.01857720588235294,0.0919669117647059,85861.0,3602208.0,2.383565857385248,0.056089999999999994,0.19814,0.7457499999999997,0.20531100000000005
roWxo6jWoYw,0.8423171806167399,0.1359603524229075,0.021731277533039647,0.10799295154185025,187312.0,4553774.0,4.113335444402819,0.0,0.0,0.0,0.0
LX7UAT2w_2s,0.8849557522123894,0.11504424778761062,0.0,0.04859823008849558,71321.0,753467.0,9.465709845288513,0.0056099999999999995,0.17974,0.81464,0.11226400000000002
LA1tah85dvA,0.8076363636363629,0.15282424242424233,0.038024242424242426,0.09807939393939379,270134.0,7925077.0,3.408597796589232,0.0414,0.19392999999999996,0.7646799999999998,0.20256800000000003
pXDx6DjNLDU,0.811374269005848,0.12161403508771922,0.05823976608187132,0.05909970760233919,1816235.0,48665750.0,3.7320600216784907,0.0353,0.13782,0.8068799999999997,0.11635100000000001
YcuI3bV-2ZU,0.9083333333333333,0.09166666666666667,0.0,0.04362439024390244,76418.0,820818.0,9.30998101893477,0.0029500000000000004,0.13333,0.8637100000000001,0.13301000000000002
bW8tDP21fhk,1.0,0.0,0.0,0.0,18112.0,499770.0,3.6240670708525924,0.04251999999999999,0.10806000000000003,0.8494200000000001,0.072544
mZJ6sn1URAE,0.8068525798525799,0.14565847665847662,0.04749140049140048,0.08780098280098278,237768.0,6242888.0,3.8086219070404597,0.048580000000000005,0.16167999999999996,0.7797300000000001,0.22327199999999997
LFmcYQZKoEE,0.8172430830039524,0.14871146245059283,0.03404743083003953,0.1035193675889327,273581.0,6681010.0,4.0949048122963445,0.049540000000000015,0.19126999999999994,0.7591900000000001,0.217517
5aSofzeGGJY,0.7872340425531915,0.2127659574468085,0.0,0.09623971631205673,72859.0,773333.0,9.42142647475279,0.0028099999999999996,0.15733999999999995,0.8398499999999998,0.17691599999999996
W31YCtuk9go,0.8814384615384616,0.11642307692307692,0.0021384615384615387,0.05260615384615384,80919.0,836994.0,9.667811238790243,0.00095,0.18680999999999998,0.8122400000000002,0.16629600000000008
DpvFj5gtZq4,0.9495798319327731,0.04201680672268908,0.0,0.018318487394957984,76824.0,807806.0,9.510204182687428,0.00714,0.16485,0.82801,0.111653
z_HBUErBZYE,0.9777777777777777,0.022222222222222223,0.0,0.009366666666666666,38719.0,1105106.0,3.503645804112909,0.023929999999999996,0.11517999999999999,0.8609,0.082768
wlhxvLY4an4,0.9178796296296297,0.07475,0.007370370370370371,0.03016759259259259,73172.0,777722.0,9.408503295522051,0.00359,0.15776,0.8386600000000002,0.13184099999999999
jTihJ0RFjFc,0.816695652173913,0.07843478260869566,0.10486956521739133,-0.019543478260869565,2815098.0,40883023.0,6.885738366265136,0.10987000000000004,0.15939000000000003,0.7307500000000001,0.08906299999999998
_bXGnikYpDU,0.8508333333333333,0.10033333333333333,0.04883333333333333,0.039655555555555555,836584.0,11737409.0,7.127501478392719,0.07189,0.12713999999999998,0.80098,0.063588
E73W8qqZrQg,0.8046875,0.1953125,0.0,0.08668203125,66792.0,725250.0,9.209513960703205,0.0104,0.19678000000000004,0.78283,0.156533
FDSPvsnWaJs,0.8945238095238095,0.07714285714285715,0.028333333333333332,0.02778809523809524,72903.0,1878368.0,3.8811883507385136,0.01309090909090909,0.11561616161616167,0.8713030303030304,0.12296060606060603
CZAPlp6TLbQ,0.8440000000000002,0.15283064516129033,0.00317741935483871,0.07721532258064516,68017.0,757570.0,8.978312235172988,0.005870000000000001,0.16438,0.8297500000000001,0.142422
GWifxlCb59c,0.8542376237623761,0.12596039603960396,0.0,0.060293069306930694,69821.0,723288.0,9.653277809116148,0.00724,0.14720999999999998,0.8455499999999999,0.111693
E2J2qibaePU,0.5,0.5,0.0,0.1806,8428.0,495147.0,1.7021207843327335,0.16666666666666666,0.0,0.8333333333333334,-0.04933333333333333
Nm0WSJUv4Fw,0.7242915851272013,0.16250880626223094,0.11124853228962815,0.03122720156555772,623022.0,8921511.0,6.983368624440412,0.0,0.0,0.0,0.0
zSRhI6L48u4,1.0,0.0,0.0,0.0,14377.0,304531.0,4.721030042918455,0.07008,0.05564,0.87429,0.02438
EqboAI-Vk-U,0.7193617021276596,0.20457446808510638,0.07606382978723406,0.11996382978723405,173022.0,240584546.0,0.07191733753339252,0.0629,0.12572999999999998,0.80136,0.08053800000000001
xrfl8q2Rbzs,0.8297872340425532,0.14893617021276595,0.0,0.06021595744680851,84563.0,823681.0,10.266474521082797,0.00029,0.01647,0.9832399999999999,0.014054
PrYViBdNua0,0.9056603773584906,0.09433962264150944,0.0,0.042593396226415094,62856.0,683515.0,9.195994235678807,0.00517,0.19568000000000002,0.79915,0.162368
kISNb115Lz4,0.8030540540540537,0.07987837837837841,0.11707432432432434,-0.02648445945945944,203979.0,4739580.0,4.303735774055929,0.11935999999999998,0.07622,0.80442,-0.0038979999999999874
74Bn2QqoJr4,0.9220423728813559,0.07795762711864407,0.0,0.04118813559322035,70437.0,755173.0,9.327266732258702,0.008640000000000002,0.18667,0.8047,0.13613600000000003
Mp75dnX2f_E,0.7736500000000001,0.14095,0.0354,0.058925000000000005,1803782.0,25080774.0,7.191891286927588,0.08629000000000002,0.12124,0.7824499999999998,0.0034770000000000083
3c584TGG7jQ,0.7442771618625273,0.0987760532150776,0.14808425720620852,-0.0407161862527716,1369295.0,32106164.0,4.264897544284643,0.0373,0.18442999999999998,0.7682499999999999,0.15243600000000002
EUyNKpiAQuk,0.8125,0.1875,0.0,0.09260625,7738.0,390417.0,1.9819833665029956,0.010270000000000001,0.08118,0.8985599999999999,0.065288
S4UTwQzIUIQ,0.9230769230769231,0.06993006993006994,0.0,0.028986013986013984,93165.0,824133.0,11.30460738739985,0.012430000000000002,0.14486,0.8427100000000003,0.13651200000000002
ojQc6cjPIcA,0.886113268608414,0.04855987055016182,0.045909385113268614,0.007542718446601945,2428976.0,44537833.0,5.453736377340137,0.01175,0.05567999999999999,0.9325600000000002,0.046196
xzFUQZbgbZE,0.9157894736842105,0.08421052631578947,0.0,0.03549473684210526,100083.0,826397.0,12.110765164926784,0.01049,0.22452999999999995,0.7649700000000001,0.20496100000000006
QiKZYt9070U,0.7520643776824032,0.1764248927038627,0.06507939914163088,0.08640944206008577,614567.0,20800711.0,2.95454804405484,0.01883,0.18195,0.7992099999999998,0.141186
UYlEEEZ_v7E,0.778653846153846,0.12123076923076923,0.1001153846153846,0.040453846153846146,5168658.0,77448003.0,6.6737137173181855,0.18038000000000004,0.08234,0.72729,-0.10288999999999998
MIy8OMDE2XM,0.9494803921568629,0.029872549019607845,0.02064705882352941,-0.00563529411764706,6221.0,372598.0,1.669627856295525,0.02343,0.12110000000000001,0.85548,0.084244
YMLHDeSwTtM,0.9569099099099099,0.043090090090090086,0.0,0.02021081081081081,79904.0,852614.0,9.37165000809276,0.006520000000000001,0.14373000000000002,0.8497599999999998,0.15679
o5r90sBO4Rs,0.8295882352941176,0.10037394957983195,0.0658403361344538,0.021270168067226897,2079334.0,30777635.0,6.755990185730645,0.027009999999999996,0.10456,0.8684199999999999,0.08067600000000001
mOFOjmws4hk,0.7201666666666666,0.11470833333333334,0.16508333333333333,-0.08649583333333333,4089432.0,72056592.0,5.675305876247935,0.07422000000000001,0.15019999999999997,0.75558,0.030418999999999995
6s5Q7JG2icw,1.0,0.0,0.0,0.0,84804.0,1862135.0,4.554127386038069,0.026279999999999998,0.13854999999999998,0.8351499999999998,0.11428400000000001
SFOSi7rTiDc,1.0,0.0,0.0,0.0,131353.0,2705797.0,4.854503127913882,0.029842857142857143,0.18065714285714282,0.7895,0.13536428571428571
L4HdCNFu9rw,0.956554347826087,0.021706521739130437,0.0,0.020768478260869565,85992.0,889426.0,9.668257955130612,0.0020700000000000002,0.16746999999999995,0.8204600000000001,0.14372300000000002
dn3fWBuLJNI,0.9701444444444445,0.02985555555555556,0.0,0.017503333333333333,93947.0,833641.0,11.269479308239397,0.011160000000000002,0.28659000000000007,0.7022600000000001,0.22486499999999998
R0uWdItUHek,0.9759036144578314,0.024096385542168676,0.0,0.011028915662650603,101871.0,813741.0,12.518848134725914,0.00233,0.24118999999999996,0.7564900000000001,0.23099499999999998
3D-oEq3rzos,0.6388,0.32649999999999996,0.034699999999999995,0.19454,309207.0,5104714.0,6.057283522642013,0.02044,0.42915,0.5504100000000001,0.33488799999999985
yYVwM4AdrAI,0.8703703703703703,0.12037037037037036,0.009259259259259259,0.05301111111111111,139242.0,2101647.0,6.625375241417802,0.00999,0.16325,0.76676,0.109743
1Fb2tFgFvy0,0.8778235294117647,0.12217647058823529,0.0,0.05621764705882353,110109.0,1540645.0,7.146941702988034,0.01406,0.20548999999999992,0.78043,0.26339299999999993
UVvVVfGoH18,1.0,0.0,0.0,0.0,196236.0,3146336.0,6.236968969620537,0.02214,0.29584,0.68202,0.202468
UZQ1Ki5BlIA,0.8198943089430892,0.1580691056910569,0.01797560975609756,0.10225406504065043,50634.0,1948227.0,2.598978455795962,0.08515999999999999,0.17938,0.7354599999999999,0.17284499999999997
7IaYSxDp88s,0.8207372448979592,0.1480382653061225,0.031224489795918374,0.10828290816326527,118448.0,4215476.0,2.809836896236629,0.08208,0.16227,0.7556700000000002,0.14242600000000002
ZJgrBI5gVs0,0.825,0.175,0.0,0.16032000000000002,317435.0,3338633.0,9.507933336787842,0.03116161616161616,0.05502020202020202,0.913808080808081,0.002409090909090911
YGcWnJm7cs4,1.0,0.0,0.0,0.0,247340.0,2436187.0,10.152750999820622,0.019100000000000002,0.02101,0.9298800000000002,-0.012245999999999996
vFfdxNzYqZw,0.9349523809523808,0.03680952380952381,0.028238095238095236,0.01704761904761905,1199006.0,16607740.0,7.219561481574254,0.02728,0.047439999999999996,0.9252700000000001,0.014272
zDy1cjG_t0I,1.0,0.0,0.0,0.0,165320.0,1753771.0,9.42654428656877,0.05032000000000001,0.0177,0.9319700000000001,-0.039207000000000006
rOleUEweQVg,0.7060000000000001,0.25085714285714283,0.04314285714285714,0.2028,3302.0,2013902.0,0.1639603118721765,0.04016666666666667,0.16708974358974357,0.7927435897435897,0.13513076923076925
nVwOd_6yyf8,0.8047279596977328,0.15857682619647348,0.03417380352644837,0.1050125944584382,298848.0,8747920.0,3.4162177980594244,0.06814999999999999,0.18857000000000002,0.7432599999999999,0.22064899999999996
OlapSPEs5YI,0.8118077922077916,0.16362857142857137,0.023266233766233768,0.1092894805194804,70456.0,2514974.0,2.8014603729501775,0.046880000000000005,0.19324000000000002,0.7599100000000001,0.23790700000000004
ldadR6XqiWE,0.8127557603686641,0.16215207373271895,0.025096774193548384,0.11793225806451618,137401.0,3404735.0,4.035585735747422,0.09944000000000004,0.16935999999999996,0.7312100000000002,0.13379799999999997
vax8FCuQUsE,0.8390055865921787,0.14901117318435758,0.011983240223463688,0.11808547486033523,99501.0,2676452.0,3.7176455994727347,0.07917,0.1832399999999999,0.7375799999999999,0.18964199999999995
tw1R0ZCjjXQ,0.7207142857142858,0.23171428571428573,0.04757142857142858,0.19870000000000002,2330.0,1090795.0,0.2136056729266269,0.014553191489361704,0.30759574468085105,0.6778510638297873,0.22414255319148935
1z_RCKQb8T4,0.68,0.27616666666666667,0.043833333333333335,0.17985000000000004,2703.0,1643662.0,0.16444986864696026,0.027824561403508773,0.1976140350877193,0.7571052631578951,0.18379122807017548
fJfQBYopxnM,0.7852222222222223,0.2147777777777778,0.0,0.16050555555555557,293021.0,3648583.0,8.031090426064036,0.00198,0.4656,0.5324099999999999,0.4811189999999997
4ztmfxS8kSw,0.7817407407407407,0.2087037037037037,0.009555555555555555,0.1350888888888889,23885.0,396817.0,6.019147365158247,0.05928999999999998,0.16955,0.7711699999999999,0.157353
y4M-hmNsSNw,0.8053614718614716,0.15770562770562765,0.036937229437229435,0.10523831168831156,219890.0,6123605.0,3.590858652705392,0.07708999999999999,0.22443000000000005,0.6984900000000002,0.23121900000000004
OFIOu5m57CY,1.0,0.0,0.0,0.0,440715.0,6658111.0,6.619219775699143,0.02548,0.07624999999999998,0.89827,0.03224900000000001
QaQHFBOAo-c,0.7736376811594203,0.1408695652173913,0.08549999999999999,0.017518478260869563,1118053.0,17280006.0,6.470211873769025,0.01019,0.16540999999999997,0.8243900000000001,0.092917
etBrxFLwjiI,0.8742222222222222,0.1257777777777778,0.0,0.07407777777777778,47595.0,1288044.0,3.6951377437416735,0.0171,0.1265,0.8564,0.14724600000000002
uUBpiJtlPXU,0.8928571428571429,0.10714285714285714,0.0,0.05857142857142857,16107.0,406407.0,3.963268349216426,0.020069999999999998,0.18951999999999994,0.7904099999999998,0.135501
KdambkFJUsY,0.9565217391304348,0.043478260869565216,0.0,0.01747391304347826,2927.0,152280.0,1.9221171526136065,0.01633,0.08716000000000002,0.8964899999999997,0.08314800000000004
CzKpFEKFYuU,0.7755454545454546,0.11122727272727273,0.11322727272727275,0.0024954545454545455,3015720.0,38780937.0,7.776294832690608,0.05299,0.17070999999999997,0.77628,0.12767700000000004
dkPT17Rj0dc,0.8888888888888888,0.1111111111111111,0.0,0.025144444444444445,30450.0,616660.0,4.937891220445627,0.01076,0.04883,0.9404100000000001,0.008199000000000001
NV7BN4drhkc,1.0,0.0,0.0,0.0,277017.0,4375821.0,6.330629155077413,0.00567,0.07793,0.9164,0.07313700000000001
XN-Vb5gyT9Y,0.6976744186046512,0.23255813953488372,0.0,0.07246976744186048,31972.0,855595.0,3.736814731268883,0.01058,0.04851,0.9409099999999999,0.040763999999999995
CMm7UZKtGNk,0.8287193460490462,0.14991280653950947,0.01864577656675749,0.10831389645776567,134301.0,3123026.0,4.300348444105173,0.07184,0.17269,0.7454999999999999,0.17040000000000002
rDqemu6oisc,0.8062317880794704,0.08102317880794699,0.11275165562913901,-0.039384437086092725,234314.0,4750353.0,4.932559748717622,0.12658000000000003,0.1585,0.7149699999999999,-0.0019940000000000044
H4-rv7oDxco,1.0,0.0,0.0,0.0,191948.0,2202465.0,8.71514416801175,0.039299999999999995,0.16329999999999997,0.7973999999999998,0.118275
EhWLjN4LAQA,1.0,0.0,0.0,0.0,102326.0,1136545.0,9.003251081127452,0.01325,0.18152,0.79523,0.149691
qUT_IIQJYd8,0.7903225806451613,0.20967741935483872,0.0,0.0899709677419355,23366.0,1903082.0,1.227797856319381,0.014150000000000001,0.14332,0.84254,0.140772
nPSXzgsDW_M,0.9004035087719299,0.09959649122807017,0.0,0.03926842105263158,10965.0,772070.0,1.4202080122268705,0.016819999999999998,0.16465,0.8185300000000001,0.181496
HVhevynKxGk,1.0,0.0,0.0,0.0,115077.0,1218403.0,9.444904518455717,0.025990000000000003,0.0787,0.89531,0.06584600000000002
mQNH19NMGwo,0.8140714285714284,0.08399999999999999,0.10192857142857141,-0.04600714285714286,5465.0,1062111.0,0.5145413238352677,0.024,0.22011999999999998,0.7558799999999999,0.178018
4c-NBYeX49I,0.7756504854368932,0.22434951456310676,0.0,0.0861854368932039,11060.0,1164359.0,0.9498788603858432,0.02603,0.05289999999999999,0.9110600000000002,0.029751
3mMFjwWks_U,1.0,0.0,0.0,0.0,41724.0,927136.0,4.500310634038588,0.01389,0.15367,0.8324499999999992,0.12544499999999995
7DlPbdUEZsk,0.76625,0.1665,0.067125,0.0869875,3356.0,738916.0,0.4541788241153257,0.03390322580645161,0.30877419354838714,0.6250806451612904,0.20827741935483876
_a-7gHAvNNQ,0.8212476007677539,0.15502687140115165,0.01988675623800384,0.09555777351247595,4331.0,1037766.0,0.4173387835022539,0.13532,0.11922,0.7454600000000003,-0.038747000000000004
YjHuNHa8r3M,0.9078846153846154,0.07446153846153845,0.017653846153846155,0.025065384615384618,804114.0,11324774.0,7.100486067095026,0.09427000000000002,0.11356999999999999,0.7921600000000001,0.03712
m5sZcJdU1BQ,0.8756666666666667,0.08266666666666667,0.041666666666666664,0.011155555555555554,47283.0,1228339.0,3.849344521341421,0.013869999999999999,0.19469999999999998,0.7914299999999999,0.218448
OntaLffL0v0,1.0,0.0,0.0,0.0,140163.0,1813727.0,7.7278995129917565,0.00213,0.3082000000000004,0.6896699999999996,0.30377000000000004
fo6pcjCjPbA,0.8125,0.1875,0.0,0.06037708333333334,35248.0,904313.0,3.8977654860651123,0.012750000000000001,0.09981,0.8874399999999999,0.044292000000000005
hwjbH_9bbf8,0.7962000000000001,0.09716666666666667,0.10663333333333333,-0.02244,2066740.0,23372318.0,8.84268304068086,0.12833000000000003,0.13774000000000006,0.7339500000000001,-0.003078999999999999
LwMutPnXnoA,0.7481142857142858,0.09640634920634923,0.15547936507936502,-0.0775609523809524,267786.0,3966257.0,6.751604850618606,0.07427,0.16388999999999995,0.7618300000000001,0.04089599999999999
WeEUXMitDOc,0.748767441860465,0.17675348837209304,0.07447906976744187,0.056046046511627895,36380.0,619405.0,5.873378484190473,0.04609,0.13003999999999996,0.8238700000000001,0.11867199999999999
Lzg_berpNAI,0.7983868894601542,0.18367223650385595,0.01665681233933162,0.13560102827763462,6428.0,917395.0,0.7006796418118695,0.11321000000000002,0.15919,0.7176699999999999,0.06076200000000002
F0fMoqY9qI0,0.7648399999999999,0.14284,0.09227999999999997,0.0085,1833201.0,21714541.0,8.44227377405767,0.11449999999999998,0.10764,0.7778400000000001,-0.003927999999999998
ZQ4E0JJcxz0,0.8527217741935482,0.12204032258064515,0.025245967741935483,0.08118991935483874,157850.0,4264025.0,3.701901372529476,0.04654,0.17870999999999998,0.7747500000000003,0.2119090000000001
YHdgz71wJl4,1.0,0.0,0.0,0.0,864766.0,15475630.0,5.58792113794398,0.01707,0.12500999999999995,0.85792,0.085523
Pw1hZPTioOk,1.0,0.0,0.0,0.0,156579.0,1756701.0,8.913241354106361,0.044509999999999994,0.15750999999999998,0.7979600000000001,0.09077900000000001
GDM-gPCcUnI,1.0,0.0,0.0,0.0,359880.0,4159257.0,8.652506926116851,0.014150000000000001,0.03719,0.94866,0.026516
5CYAzT36bdM,1.0,0.0,0.0,0.0,174079.0,1672898.0,10.405834665353177,0.016890000000000002,0.038970000000000005,0.9441299999999999,0.028073999999999998
7iA3ycfqcLM,1.0,0.0,0.0,0.0,195174.0,1768084.0,11.038728929168524,0.052185714285714294,0.12432857142857141,0.8234857142857142,0.05437714285714286
pkWAKZbPUhM,1.0,0.0,0.0,0.0,90185.0,1014424.0,8.890266791795147,0.009479999999999999,0.04923,0.9412900000000001,0.040962000000000005
xsLJZyih3Ac,0.7675776942355892,0.13666040100250632,0.09075438596491225,0.02770350877192983,2763918.0,88237448.0,3.1323639369080576,0.04877000000000001,0.13779000000000002,0.8134299999999999,0.09022800000000002
U3DNz5asasA,0.8496757575757568,0.13382121212121206,0.013475757575757577,0.10291787878787878,104299.0,2702117.0,3.8598994788160543,0.06987,0.15290000000000004,0.66723,0.155621
GAr9yM7JVjY,1.0,0.0,0.0,0.0,139695.0,1123794.0,12.430658999781098,0.01355,0.0339,0.95255,0.010643999999999997
qbBDm0wjuZw,1.0,0.0,0.0,0.0,163834.0,1847574.0,8.867520326655386,0.05518999999999999,0.12047000000000002,0.82434,0.03811899999999999
otcZMrWQKSE,0.7812112299465243,0.18925133689839566,0.029540106951871647,0.13580935828877,153148.0,3742723.0,4.091887109999859,0.09734999999999996,0.20746000000000003,0.69524,0.19234
19DuR9cYzhY,1.0,0.0,0.0,0.0,102965.0,916592.0,11.233460470962,0.023879999999999995,0.08746000000000001,0.8786700000000002,0.051355000000000005
P3Q5XYacz5E,0.8518354430379743,0.11697468354430375,0.024860759493670885,0.07470601265822788,95229.0,5792470.0,1.6440136936401915,0.10102999999999998,0.14193999999999998,0.7470599999999998,0.082296
BzLqCr2U3EY,0.7045454545454546,0.29545454545454547,0.0,0.1120340909090909,41876.0,2948610.0,1.4201946001675365,0.008039999999999999,0.03677,0.9551899999999999,0.026548
EO7nJQKWacQ,1.0,0.0,0.0,0.0,400204.0,7726122.0,5.179881964069426,0.04372,0.09337999999999999,0.8628999999999999,0.052154
vUBAnviFMDE,1.0,0.0,0.0,0.0,291520.0,3080261.0,9.46413307184034,0.01072,0.037559999999999996,0.95172,0.028463
wsgAlvQkjPU,1.0,0.0,0.0,0.0,229453.0,2758277.0,8.318707656990215,0.01225,0.05755,0.9302000000000001,0.05519299999999999
IMikqgYse04,0.7596884422110554,0.17125125628140703,0.06404522613065326,0.07971909547738695,71173.0,2669148.0,2.66650631587308,0.01364,0.31131,0.6750400000000001,0.2722779999999999
C2X2UWIj-JY,0.9857142857142858,0.014285714285714285,0.0,0.0051600000000000005,5987.0,484558.0,1.2355590042884443,0.017879999999999997,0.06819,0.9139300000000001,0.036989
ggULLg_hNio,0.9827586206896551,0.017241379310344827,0.0,0.005486206896551724,4586.0,463541.0,0.9893407487147847,0.06151000000000001,0.07167000000000001,0.8668499999999999,-0.0043080000000000045
FDJ6LCjo-iA,0.75,0.25,0.0,0.123475,274114.0,3356385.0,8.166941515946473,0.02599,0.09003000000000001,0.8839700000000001,0.06817000000000001
9WPN_giIGVY,0.682109170305677,0.24637117903930125,0.06279912663755458,0.16399388646288207,49686.0,1800432.0,2.759671012290384,0.01508080808080808,0.2753939393939394,0.7095252525252528,0.2657565656565656
ph26zdCnd3U,0.6666666666666666,0.3333333333333333,0.0,0.14049999999999999,684977.0,10197171.0,6.717323853841423,0.011970000000000001,0.04496000000000001,0.9430700000000002,0.027398
msVletTL1bQ,1.0,0.0,0.0,0.0,123326.0,1245081.0,9.905058385759641,0.12461000000000003,0.0883,0.7870900000000002,-0.07965100000000001
O40AG0E286E,1.0,0.0,0.0,0.0,928202.0,13756243.0,6.747496391274856,0.010450000000000001,0.14505,0.8445,0.11270399999999998
l3yfcRuts1I,0.7525652173913044,0.21321739130434783,0.03417391304347826,0.1302,2107661.0,27769213.0,7.589919815156446,0.07976000000000001,0.16366000000000003,0.7566000000000002,0.08355099999999997
3tmHJHUsiCI,0.8352037617554856,0.14376332288401264,0.021031347962382443,0.11173683385579924,16586.0,861528.0,1.9251840915211114,0.06815000000000002,0.20013000000000006,0.7317199999999999,0.18939500000000004
4U2ZxO7b8iM,0.838188492063492,0.140015873015873,0.01980952380952381,0.10327519841269835,289315.0,4866544.0,5.944978613159565,0.09676,0.17948000000000003,0.7237600000000001,0.114729
xyRjtjr9Px4,0.7644903846153847,0.17739903846153843,0.04849038461538461,0.11734759615384617,49295.0,1649557.0,2.988378091814954,0.011580000000000002,0.38971999999999996,0.5987000000000001,0.36434700000000014
MjGMeMrH73I,0.809256756756757,0.16390990990990995,0.026828828828828827,0.13701171171171175,154916.0,5630248.0,2.7514951384024293,0.06784,0.18035999999999996,0.75178,0.20062200000000008
5UmJwPivCHE,0.8101444141689371,0.0887874659400545,0.10106267029972753,-0.019689918256130787,278887.0,6132929.0,4.54737043262689,0.08889999999999999,0.12706,0.7740000000000004,0.03881299999999999
nZ6R9fFK6qY,0.8044921568627449,0.13819215686274505,0.05143725490196077,0.05943980392156863,4210.0,130511.0,3.2257817348729225,0.0,0.0,0.0,0.0
Je3tzN9V9i8,0.817392857142857,0.13557142857142856,0.04703571428571429,0.09596071428571429,1532967.0,15783998.0,9.712159112032325,0.10639999999999997,0.09500000000000001,0.7985500000000001,-0.025598
Gb9frGoRo5o,0.9465925925925925,0.03314814814814815,0.020259259259259258,0.013696296296296297,791445.0,11735457.0,6.744049251767528,0.13696,0.09962000000000003,0.7634199999999999,-0.03749000000000001
BeJjGocG8Mw,0.8974358974358975,0.10256410256410256,0.0,0.02771282051282051,4957.0,92724.0,5.345972995125318,0.028170731707317067,0.0909390243902439,0.88090243902439,0.09960853658536585
jpy2hFt7uT8,0.6957692307692309,0.17853846153846156,0.12565384615384617,-0.01319230769230769,1315762.0,21126011.0,6.228161104337207,0.12073,0.09702,0.78227,-0.011893999999999998
xf2DPY3vGto,0.726205651491365,0.23649764521193112,0.03572527472527473,0.17597582417582402,305491.0,7707429.0,3.9635914907552183,0.08841000000000002,0.18680999999999998,0.7247799999999998,0.21630000000000005
2sKVi1joh4M,0.80172463768116,0.14615217391304358,0.04970531400966183,0.0721551932367149,18277.0,280087.0,6.5254724424910835,0.06269000000000001,0.20992,0.7273499999999996,0.27528100000000016
h8g9wfI9nGI,0.7914868154158211,0.14894726166328598,0.05347870182555782,0.08862860040567946,807630.0,29303586.0,2.7560790682751253,0.022860000000000005,0.17501,0.7921399999999998,0.16536400000000007
U86RI8h6BCM,1.0,0.0,0.0,0.0,483368.0,6074954.0,7.95673514564884,0.0,0.04907999999999999,0.9509200000000001,0.04624
vt_nFYl6N-o,0.7114326923076922,0.1878701923076923,0.07185576923076922,0.09079807692307694,51637.0,1663921.0,3.1033324298449267,0.01802,0.3054999999999999,0.67647,0.2807319999999999
ZuKJpVNUHGg,0.7983137254901955,0.061433551198257094,0.13807625272331156,-0.07347668845315905,383590.0,10157729.0,3.776336226335631,0.055689999999999996,0.06341,0.8708699999999999,0.020518
PS2Ucuh4KoA,0.6995263157894737,0.30047368421052634,0.0,0.2132263157894737,209960.0,3401167.0,6.173175266018987,0.0028000000000000004,0.49435000000000007,0.49283999999999983,0.45801799999999965
8_ZU0RLFqVg,0.875,0.125,0.0,0.0282875,3700.0,163325.0,2.2654217051890404,0.026160000000000003,0.10465000000000002,0.8691999999999999,0.098483
mrkAmmMakMg,0.8106822916666667,0.16994791666666664,0.014161458333333335,0.1342453125,309319.0,8292419.0,3.7301419525472603,0.07775000000000003,0.2588399999999999,0.6633800000000001,0.205969
xQxZUIWuswI,1.0,0.0,0.0,0.0,306238.0,2881948.0,10.62607652879233,0.03128,0.12711999999999998,0.84159,0.12621000000000002
hCiCB1Sy4HU,0.7041304347826087,0.2452608695652174,0.05060869565217392,0.14604347826086958,3084510.0,39798740.0,7.7502704859500575,0.06688000000000001,0.17666000000000004,0.7464800000000001,0.051327000000000025
uEVQfA9xHZQ,0.0,1.0,0.0,0.32389999999999997,200666.0,5642790.0,3.556148642781319,0.030899999999999997,0.22087,0.74824,0.14380700000000002
DUPCPXZp3Sg,0.6886295336787567,0.20288601036269424,0.06962435233160623,0.09998031088082905,52997.0,1737993.0,3.049321832711639,0.01787,0.33801999999999993,0.6441100000000002,0.282332
v8TaFiG3vx8,1.0,0.0,0.0,0.0,353107.0,3604098.0,9.797375099123276,0.01023,0.04241,0.9473600000000001,0.04128999999999999
5SvHUxLiVtM,1.0,0.0,0.0,0.0,399102.0,3585513.0,11.130959502866117,0.01018,0.08125,0.90857,0.060536000000000006
TGHqBX1YJRc,0.846260101010101,0.10529040404040399,0.045924242424242416,0.057253030303030306,274960.0,6957175.0,3.9521788657033925,0.0146,0.17681999999999998,0.80857,0.194922
lRIfLz--ONA,0.6666666666666666,0.3333333333333333,0.0,0.16463333333333333,347386.0,3089663.0,11.243491604100512,0.0127,0.11398000000000001,0.87331,0.099348
JJLjXhu13io,0.8206896551724138,0.1793103448275862,0.0,0.11172413793103449,1638.0,12670848.0,0.012927311573779434,0.004807692307692308,0.48586538461538464,0.509326923076923,0.32352692307692305
Ant9K79N_6k,0.6645753424657533,0.22764383561643825,0.05983904109589041,0.11483595890410964,74308.0,2003512.0,3.708887194087183,0.008339999999999998,0.38852,0.60315,0.37763399999999997
dHDTE7r0JO8,0.8753333333333332,0.07704761904761905,0.047619047619047616,0.013366666666666667,31410.0,1598728.0,1.9646869261062545,0.0013636363636363637,0.09370707070707071,0.9049292929292929,0.061514141414141424
HvWlcpf48x4,0.8527403651115616,0.07703245436105474,0.0702292089249493,0.005400608519269781,426210.0,10041924.0,4.244306170809498,0.059690000000000014,0.15166000000000002,0.7886500000000001,0.128005
WfVF-Ec4naQ,0.8107901639344263,0.15920327868852463,0.030006557377049183,0.1172288524590164,322116.0,10307675.0,3.125011217369581,0.07545,0.20669000000000004,0.7178900000000001,0.16347899999999999
YSau_-cAChs,1.0,0.0,0.0,0.0,100154.0,1010541.0,9.91092889848111,0.03496,0.03097,0.93408,-0.02185
eB8G6V8GQVM,0.7942665094339618,0.16629952830188685,0.037075471698113205,0.10212700471698107,61072.0,2226516.0,2.7429400911558686,0.05496,0.2290900000000001,0.7159400000000002,0.2837750000000001
lNtUojXNerY,0.6666666666666666,0.3333333333333333,0.0,0.12040000000000001,12052.0,197695.0,6.096259389463568,0.048170000000000004,0.09239999999999998,0.8594299999999998,0.046217999999999995
TRyME_a2xew,0.9090909090909091,0.09090909090909091,0.0,0.032836363636363636,26667.0,452635.0,5.891501982833851,0.03138,0.16563000000000003,0.80298,0.16694900000000004
4u0wrY2xigE,1.0,0.0,0.0,0.0,14540.0,423349.0,3.434518565060978,0.0,0.22236734693877555,0.7776326530612244,0.1738918367346939
Jb88eui8SqQ,0.8159014778325122,0.14926108374384225,0.03483497536945813,0.09713201970443344,200045.0,6419674.0,3.1161239651733093,0.07469,0.17292,0.74239,0.15739699999999998
KAIJB6usEZ0,0.8407335423197493,0.11821630094043882,0.04105329153605016,0.06416802507836991,252468.0,7825433.0,3.226249589000379,0.07404000000000001,0.16692999999999997,0.7590300000000005,0.15177700000000008
5v_dWlK01iU,0.9244,0.03763333333333333,0.03796666666666667,-0.008456666666666666,30735.0,420709.0,7.305524721363223,0.01447,0.07569,0.9098399999999998,0.07201300000000002
ZmPVAzLBr8Y,0.8571428571428571,0.14285714285714285,0.0,0.04196428571428572,3564.0,115562.0,3.084058773645316,0.03626,0.14007999999999998,0.82366,0.12659700000000007
0PJZDF4pxkE,1.0,0.0,0.0,0.0,272953.0,2626648.0,10.391685524668704,0.035570000000000004,0.04446,0.9199699999999998,0.013443000000000004
n-XjWbjLX6k,0.9365079365079365,0.06349206349206349,0.0,0.023663492063492064,12661.0,914033.0,1.385179747339538,0.006669999999999999,0.11884999999999998,0.8744799999999998,0.12855999999999998
Ih_4C6DJ0EU,0.9055208333333336,0.08025781250000001,0.01421875,0.05309687499999999,418932.0,10870656.0,3.853787664700272,0.029369999999999997,0.12475000000000001,0.8358900000000002,0.13178800000000002
pvrpXph0FW8,0.8404597701149424,0.12913793103448273,0.027528735632183905,0.09652040229885057,15541.0,502495.0,3.092767092209873,0.03434000000000001,0.18242999999999995,0.78322,0.22810500000000009
KrCWuGEhNvA,0.9773421052631579,0.022657894736842106,0.0,0.008850877192982455,3578.0,322934.0,1.107966333678089,0.032580000000000005,0.06916,0.8982600000000001,0.02289400000000001
AcexHvDOOKY,0.9667348837209302,0.02396279069767442,0.004651162790697674,0.007881395348837208,3346.0,350793.0,0.9538388736377293,0.05063000000000001,0.059930000000000004,0.8894500000000002,0.002309999999999999
DD65JEp9D5s,0.9873417721518988,0.012658227848101266,0.0,0.004572151898734177,3426.0,321441.0,1.065825454749083,0.026590000000000006,0.08499000000000001,0.8884099999999999,0.04172000000000001
DooLq4egxTk,1.0,0.0,0.0,0.0,83533.0,656440.0,12.725153860215709,0.01993,0.10037000000000001,0.87972,0.07716100000000001
BlGpCNO_TOw,1.0,0.0,0.0,0.0,341277.0,4119061.0,8.285310656967692,0.14144,0.08914,0.7694099999999999,-0.053067
INLG9mF50M8,0.256,0.744,0.0,0.4404,152572.0,2016984.0,7.564363425788207,0.061224137931034484,0.18055172413793102,0.7582241379310347,0.12441206896551724
zAa3Rw5Tjg0,0.9555555555555556,0.044444444444444446,0.0,0.021951111111111112,9192.0,534295.0,1.7203979075229976,0.004690000000000001,0.22526,0.7700499999999999,0.21963099999999985
lUzpK0tGFcE,0.79688813559322,0.15732542372881353,0.045784745762711854,0.09424627118644054,854703.0,26124176.0,3.2716936220304134,0.028569999999999998,0.10418,0.7972499999999999,0.0779
uJItuZWQj8k,1.0,0.0,0.0,0.0,330570.0,3010486.0,10.980619076122593,0.014910000000000001,0.13931000000000002,0.8357900000000003,0.09882799999999997
39vIZzHjgy0,0.8592791762013731,0.1056315789473684,0.03509382151029749,0.06390686498855837,15080.0,501964.0,3.0041995043469254,0.029440000000000004,0.26183,0.7087300000000001,0.3046250000000001
4IKnobzSqaM,0.9795258620689655,0.020474137931034482,0.0,0.010163793103448277,9543.0,693705.0,1.3756567993599584,0.020180000000000003,0.032709999999999996,0.9370999999999999,0.0052380000000000005
